property_id,property_name,address,city,room_id,room_name,min_price,rack_rate,max_people,room_size_m2,image_url,description,use_on_website
25979,Teātra iela 4-15,Teātra street 4,Rīga,61706,Old Riga Galleria Apartment,20,50,4,64,https://media.xmlcal.com/pic/p0002/5979/1.png; https://media.xmlcal.com/pic/p0002/5979/2.png; https://media.xmlcal.com/pic/p0002/5979/3.png; https://media.xmlcal.com/pic/p0002/5979/4.png; https://media.xmlcal.com/pic/p0002/5979/5.png; https://media.xmlcal.com/pic/p0002/5979/6.png; https://media.xmlcal.com/pic/p0002/5979/7.png; https://media.xmlcal.com/pic/p0002/5979/8.png; https://media.xmlcal.com/pic/p0002/5979/9.png; https://media.xmlcal.com/pic/p0002/5979/10.png; https://media.xmlcal.com/pic/p0002/5979/11.png; https://media.xmlcal.com/pic/p0002/5979/12.png; https://media.xmlcal.com/pic/p0002/5979/13.png; https://media.xmlcal.com/pic/p0002/5979/14.png; https://media.xmlcal.com/pic/p0002/5979/15.png; https://media.xmlcal.com/pic/p0002/5979/16.png,,YES
36684,Teātra iela 4 - 19,"Teātra iela 4, Centra rajons, Rīga, LV-1050",Riga,84656,Teātra iela 4-19,20,120,2,55,https://media.xmlcal.com/pic/p0003/6684/1.png; https://media.xmlcal.com/pic/p0003/6684/2.png; https://media.xmlcal.com/pic/p0003/6684/3.png; https://media.xmlcal.com/pic/p0003/6684/4.png; https://media.xmlcal.com/pic/p0003/6684/5.png; https://media.xmlcal.com/pic/p0003/6684/6.png; https://media.xmlcal.com/pic/p0003/6684/7.png; https://media.xmlcal.com/pic/p0003/6684/8.png; https://media.xmlcal.com/pic/p0003/6684/9.png; https://media.xmlcal.com/pic/p0003/6684/10.png; https://media.xmlcal.com/pic/p0003/6684/11.png; https://media.xmlcal.com/pic/p0003/6684/12.png; https://media.xmlcal.com/pic/p0003/6684/13.png; https://media.xmlcal.com/pic/p0003/6684/14.png; https://media.xmlcal.com/pic/p0003/6684/15.png,,YES
41762,Tirgoņu iela 17-4,"Tirgoņu iela 17, Centra rajons, Rīga, LV-1050",Rīga,96695,Old Riga Dome Square Apartment,20,120,4,67,https://media.xmlcal.com/pic/p0004/1762/1.png; https://media.xmlcal.com/pic/p0004/1762/2.png; https://media.xmlcal.com/pic/p0004/1762/3.png; https://media.xmlcal.com/pic/p0004/1762/4.png; https://media.xmlcal.com/pic/p0004/1762/5.png; https://media.xmlcal.com/pic/p0004/1762/6.png; https://media.xmlcal.com/pic/p0004/1762/7.png; https://media.xmlcal.com/pic/p0004/1762/8.png; https://media.xmlcal.com/pic/p0004/1762/9.png; https://media.xmlcal.com/pic/p0004/1762/10.png; https://media.xmlcal.com/pic/p0004/1762/11.png; https://media.xmlcal.com/pic/p0004/1762/12.png; https://media.xmlcal.com/pic/p0004/1762/13.png; https://media.xmlcal.com/pic/p0004/1762/14.png; https://media.xmlcal.com/pic/p0004/1762/15.png; https://media.xmlcal.com/pic/p0004/1762/16.png,,YES
45006,13 janvāra iela 21 - 4,"13. janvāra iela 21, Centra rajons, Rīga, LV-1050",Rīga,104315,13 janvāra iela 21-4,20,50,4,55,https://media.xmlcal.com/pic/p0004/5006/1.png; https://media.xmlcal.com/pic/p0004/5006/2.png; https://media.xmlcal.com/pic/p0004/5006/3.png; https://media.xmlcal.com/pic/p0004/5006/4.png; https://media.xmlcal.com/pic/p0004/5006/5.png; https://media.xmlcal.com/pic/p0004/5006/6.png; https://media.xmlcal.com/pic/p0004/5006/7.png; https://media.xmlcal.com/pic/p0004/5006/8.png; https://media.xmlcal.com/pic/p0004/5006/9.png; https://media.xmlcal.com/pic/p0004/5006/10.png; https://media.xmlcal.com/pic/p0004/5006/11.png; https://media.xmlcal.com/pic/p0004/5006/12.png; https://media.xmlcal.com/pic/p0004/5006/13.png; https://media.xmlcal.com/pic/p0004/5006/14.png; https://media.xmlcal.com/pic/p0004/5006/15.png; https://media.xmlcal.com/pic/p0004/5006/16.png,,YES
53541,Jēkaba iela 3/5,"Jēkaba iela 3/5, Centra rajons, Rīga, LV-1050",Rīga,123712,Old Riga Jekaba street Apartment,20,120,4,66,https://media.xmlcal.com/pic/p0005/3541/1.png; https://media.xmlcal.com/pic/p0005/3541/2.png; https://media.xmlcal.com/pic/p0005/3541/3.png; https://media.xmlcal.com/pic/p0005/3541/4.png; https://media.xmlcal.com/pic/p0005/3541/5.png; https://media.xmlcal.com/pic/p0005/3541/6.png; https://media.xmlcal.com/pic/p0005/3541/7.png; https://media.xmlcal.com/pic/p0005/3541/8.png; https://media.xmlcal.com/pic/p0005/3541/9.png; https://media.xmlcal.com/pic/p0005/3541/10.png; https://media.xmlcal.com/pic/p0005/3541/11.png; https://media.xmlcal.com/pic/p0005/3541/12.png; https://media.xmlcal.com/pic/p0005/3541/13.png; https://media.xmlcal.com/pic/p0005/3541/14.png; https://media.xmlcal.com/pic/p0005/3541/15.png; https://media.xmlcal.com/pic/p0005/3541/16.png,,YES
58042,Rūpniecības iela 14 - 19,"Rūpniecības iela 14, Centra rajons, Rīga, LV-1010",Rīga,134518,Riga Embassy center apartment with parking,20,59,5,60,https://media.xmlcal.com/pic/p0005/8042/1.png; https://media.xmlcal.com/pic/p0005/8042/2.png; https://media.xmlcal.com/pic/p0005/8042/3.png; https://media.xmlcal.com/pic/p0005/8042/4.png; https://media.xmlcal.com/pic/p0005/8042/5.png; https://media.xmlcal.com/pic/p0005/8042/6.png; https://media.xmlcal.com/pic/p0005/8042/7.png; https://media.xmlcal.com/pic/p0005/8042/8.png; https://media.xmlcal.com/pic/p0005/8042/9.png; https://media.xmlcal.com/pic/p0005/8042/10.png; https://media.xmlcal.com/pic/p0005/8042/11.png; https://media.xmlcal.com/pic/p0005/8042/12.png; https://media.xmlcal.com/pic/p0005/8042/13.png; https://media.xmlcal.com/pic/p0005/8042/14.png; https://media.xmlcal.com/pic/p0005/8042/15.png; https://media.xmlcal.com/pic/p0005/8042/16.png,,YES
60130,13 janvāra iela 21 -5,"13. janvāra iela 21, Centra rajons, Rīga, LV-1050",Rīga,139822,13 janvāra iela 21-5,20,59,4,52,https://media.xmlcal.com/pic/p0006/0130/1.png; https://media.xmlcal.com/pic/p0006/0130/2.png; https://media.xmlcal.com/pic/p0006/0130/3.png; https://media.xmlcal.com/pic/p0006/0130/4.png; https://media.xmlcal.com/pic/p0006/0130/5.png; https://media.xmlcal.com/pic/p0006/0130/6.png; https://media.xmlcal.com/pic/p0006/0130/7.png; https://media.xmlcal.com/pic/p0006/0130/8.png; https://media.xmlcal.com/pic/p0006/0130/9.png; https://media.xmlcal.com/pic/p0006/0130/10.png; https://media.xmlcal.com/pic/p0006/0130/11.png; https://media.xmlcal.com/pic/p0006/0130/12.png; https://media.xmlcal.com/pic/p0006/0130/13.png; https://media.xmlcal.com/pic/p0006/0130/14.png; https://media.xmlcal.com/pic/p0006/0130/15.png; https://media.xmlcal.com/pic/p0006/0130/16.png,,YES
63427,Merķeļa iela 17/19 - 4,"Merķeļa iela 17/19, Centra rajons, Rīga, LV-1050",Rīga,148331,Merkela Design Apartment With Park View,35,59,4,60,https://media.xmlcal.com/pic/p0006/3427/1.png; https://media.xmlcal.com/pic/p0006/3427/2.png; https://media.xmlcal.com/pic/p0006/3427/3.png; https://media.xmlcal.com/pic/p0006/3427/4.png; https://media.xmlcal.com/pic/p0006/3427/5.png; https://media.xmlcal.com/pic/p0006/3427/6.png; https://media.xmlcal.com/pic/p0006/3427/7.png; https://media.xmlcal.com/pic/p0006/3427/8.png; https://media.xmlcal.com/pic/p0006/3427/9.png; https://media.xmlcal.com/pic/p0006/3427/10.png; https://media.xmlcal.com/pic/p0006/3427/11.png; https://media.xmlcal.com/pic/p0006/3427/12.png; https://media.xmlcal.com/pic/p0006/3427/13.png; https://media.xmlcal.com/pic/p0006/3427/14.png; https://media.xmlcal.com/pic/p0006/3427/15.png; https://media.xmlcal.com/pic/p0006/3427/16.png,,YES
64076,13 janvāra iela 21 - 10,"13. janvāra iela 21, Centra rajons, Rīga, LV-1050",Rīga,149472,Old Riga Central Family Apartment,20,59,6,91,https://media.xmlcal.com/pic/p0006/4076/1.png; https://media.xmlcal.com/pic/p0006/4076/2.png; https://media.xmlcal.com/pic/p0006/4076/3.png; https://media.xmlcal.com/pic/p0006/4076/4.png; https://media.xmlcal.com/pic/p0006/4076/5.png; https://media.xmlcal.com/pic/p0006/4076/6.png; https://media.xmlcal.com/pic/p0006/4076/7.png; https://media.xmlcal.com/pic/p0006/4076/8.png; https://media.xmlcal.com/pic/p0006/4076/9.png; https://media.xmlcal.com/pic/p0006/4076/10.png; https://media.xmlcal.com/pic/p0006/4076/11.png; https://media.xmlcal.com/pic/p0006/4076/12.png; https://media.xmlcal.com/pic/p0006/4076/13.png; https://media.xmlcal.com/pic/p0006/4076/14.png; https://media.xmlcal.com/pic/p0006/4076/15.png; https://media.xmlcal.com/pic/p0006/4076/16.png,,YES
64425,A. Kalniņa iela 8,"Alfrēda Kalniņa iela 8, Centra rajons, Rīga, LV-1050",Rīga,150173,A. Kalniņa iela 8-19,20,59,4,50,https://media.xmlcal.com/pic/p0006/4425/1.png; https://media.xmlcal.com/pic/p0006/4425/2.png; https://media.xmlcal.com/pic/p0006/4425/3.png; https://media.xmlcal.com/pic/p0006/4425/4.png; https://media.xmlcal.com/pic/p0006/4425/5.png; https://media.xmlcal.com/pic/p0006/4425/6.png; https://media.xmlcal.com/pic/p0006/4425/7.png; https://media.xmlcal.com/pic/p0006/4425/8.png; https://media.xmlcal.com/pic/p0006/4425/9.png; https://media.xmlcal.com/pic/p0006/4425/10.png; https://media.xmlcal.com/pic/p0006/4425/11.png; https://media.xmlcal.com/pic/p0006/4425/12.png; https://media.xmlcal.com/pic/p0006/4425/13.png; https://media.xmlcal.com/pic/p0006/4425/14.png; https://media.xmlcal.com/pic/p0006/4425/15.png; https://media.xmlcal.com/pic/p0006/4425/16.png,,YES
72481,Kalēju iela 74 - 9,Kalēju iela 74,Rīga,167152,Old Riga Kaleju Studio Apartment With Terrace,20,59,4,60,https://media.xmlcal.com/pic/p0007/2481/1.png; https://media.xmlcal.com/pic/p0007/2481/2.png; https://media.xmlcal.com/pic/p0007/2481/3.png; https://media.xmlcal.com/pic/p0007/2481/4.png; https://media.xmlcal.com/pic/p0007/2481/5.png; https://media.xmlcal.com/pic/p0007/2481/6.png; https://media.xmlcal.com/pic/p0007/2481/7.png; https://media.xmlcal.com/pic/p0007/2481/8.png; https://media.xmlcal.com/pic/p0007/2481/9.png; https://media.xmlcal.com/pic/p0007/2481/10.png; https://media.xmlcal.com/pic/p0007/2481/11.png; https://media.xmlcal.com/pic/p0007/2481/12.png; https://media.xmlcal.com/pic/p0007/2481/13.png; https://media.xmlcal.com/pic/p0007/2481/14.png; https://media.xmlcal.com/pic/p0007/2481/15.png,,YES
76216,Vecpilsētas iela 3k1 - 1,Vecpilsētas iela 3,Rīga,174603,Vecpilsētas iela 3k1 - 1,20,79,7,120,https://media.xmlcal.com/pic/p0007/6216/1.png; https://media.xmlcal.com/pic/p0007/6216/2.png; https://media.xmlcal.com/pic/p0007/6216/3.png; https://media.xmlcal.com/pic/p0007/6216/4.png; https://media.xmlcal.com/pic/p0007/6216/5.png; https://media.xmlcal.com/pic/p0007/6216/6.png; https://media.xmlcal.com/pic/p0007/6216/7.png; https://media.xmlcal.com/pic/p0007/6216/8.png; https://media.xmlcal.com/pic/p0007/6216/9.png; https://media.xmlcal.com/pic/p0007/6216/10.png; https://media.xmlcal.com/pic/p0007/6216/11.png; https://media.xmlcal.com/pic/p0007/6216/12.png; https://media.xmlcal.com/pic/p0007/6216/13.png; https://media.xmlcal.com/pic/p0007/6216/14.png; https://media.xmlcal.com/pic/p0007/6216/15.png; https://media.xmlcal.com/pic/p0007/6216/16.png,,YES
91710,Palasta iela 9,"Palasta iela 9, Centra rajons, Rīga, LV-1050",Riga,210520,Palasta iela 9 - 21,20,59,8,88,https://media.xmlcal.com/pic/p0009/1710/1.png; https://media.xmlcal.com/pic/p0009/1710/2.png; https://media.xmlcal.com/pic/p0009/1710/3.png; https://media.xmlcal.com/pic/p0009/1710/4.png; https://media.xmlcal.com/pic/p0009/1710/5.png; https://media.xmlcal.com/pic/p0009/1710/6.png; https://media.xmlcal.com/pic/p0009/1710/7.png; https://media.xmlcal.com/pic/p0009/1710/8.png; https://media.xmlcal.com/pic/p0009/1710/9.png; https://media.xmlcal.com/pic/p0009/1710/10.png; https://media.xmlcal.com/pic/p0009/1710/11.png; https://media.xmlcal.com/pic/p0009/1710/12.png; https://media.xmlcal.com/pic/p0009/1710/13.png; https://media.xmlcal.com/pic/p0009/1710/14.png; https://media.xmlcal.com/pic/p0009/1710/15.png; https://media.xmlcal.com/pic/p0009/1710/16.png,,YES
92800,Merķeļa iela 8-23,Merķeļa iela 8,Rīga,212582,Riga Centre Apartment Merkela street,20,39,4,45,https://media.xmlcal.com/pic/p0009/2800/1.png; https://media.xmlcal.com/pic/p0009/2800/2.png; https://media.xmlcal.com/pic/p0009/2800/3.png; https://media.xmlcal.com/pic/p0009/2800/4.png; https://media.xmlcal.com/pic/p0009/2800/5.png; https://media.xmlcal.com/pic/p0009/2800/6.png; https://media.xmlcal.com/pic/p0009/2800/7.png; https://media.xmlcal.com/pic/p0009/2800/8.png; https://media.xmlcal.com/pic/p0009/2800/9.png; https://media.xmlcal.com/pic/p0009/2800/10.png; https://media.xmlcal.com/pic/p0009/2800/11.png; https://media.xmlcal.com/pic/p0009/2800/12.png; https://media.xmlcal.com/pic/p0009/2800/13.png; https://media.xmlcal.com/pic/p0009/2800/14.png; https://media.xmlcal.com/pic/p0009/2800/15.png,,YES
98349,Kr. Barona iela 24/26,"Kr. Barona iela 24/26, Rīga",Riga,224378,Studio Junior Apartment Nr.7,20,19,2,19,https://media.xmlcal.com/pic/p0009/8349/1.png; https://media.xmlcal.com/pic/p0009/8349/2.png; https://media.xmlcal.com/pic/p0009/8349/3.png; https://media.xmlcal.com/pic/p0009/8349/4.png; https://media.xmlcal.com/pic/p0009/8349/5.png; https://media.xmlcal.com/pic/p0009/8349/6.png; https://media.xmlcal.com/pic/p0009/8349/7.png; https://media.xmlcal.com/pic/p0009/8349/8.png; https://media.xmlcal.com/pic/p0009/8349/9.png; https://media.xmlcal.com/pic/p0009/8349/10.png; https://media.xmlcal.com/pic/p0009/8349/11.png; https://media.xmlcal.com/pic/p0009/8349/12.png; https://media.xmlcal.com/pic/p0009/8349/13.png; https://media.xmlcal.com/pic/p0009/8349/14.png; https://media.xmlcal.com/pic/p0009/8349/15.png; https://media.xmlcal.com/pic/p0009/8349/16.png; https://media.xmlcal.com/pic/p0009/8349/17.png; https://media.xmlcal.com/pic/p0009/8349/18.png; https://media.xmlcal.com/pic/p0009/8349/19.png; https://media.xmlcal.com/pic/p0009/8349/20.png,,YES
98349,Kr. Barona iela 24/26,"Kr. Barona iela 24/26, Rīga",Riga,224379,Studio Junior Apartment Nr. 13,20,19,2,21,https://media.xmlcal.com/pic/p0009/8349/1.png; https://media.xmlcal.com/pic/p0009/8349/2.png; https://media.xmlcal.com/pic/p0009/8349/3.png; https://media.xmlcal.com/pic/p0009/8349/4.png; https://media.xmlcal.com/pic/p0009/8349/5.png; https://media.xmlcal.com/pic/p0009/8349/6.png; https://media.xmlcal.com/pic/p0009/8349/7.png; https://media.xmlcal.com/pic/p0009/8349/8.png; https://media.xmlcal.com/pic/p0009/8349/9.png; https://media.xmlcal.com/pic/p0009/8349/10.png; https://media.xmlcal.com/pic/p0009/8349/11.png; https://media.xmlcal.com/pic/p0009/8349/12.png; https://media.xmlcal.com/pic/p0009/8349/13.png; https://media.xmlcal.com/pic/p0009/8349/14.png; https://media.xmlcal.com/pic/p0009/8349/15.png; https://media.xmlcal.com/pic/p0009/8349/16.png; https://media.xmlcal.com/pic/p0009/8349/17.png; https://media.xmlcal.com/pic/p0009/8349/18.png; https://media.xmlcal.com/pic/p0009/8349/19.png; https://media.xmlcal.com/pic/p0009/8349/20.png,,YES
98349,Kr. Barona iela 24/26,"Kr. Barona iela 24/26, Rīga",Riga,225166,Studio Junior Apartment Nr. 86,20,19,2,27,https://media.xmlcal.com/pic/p0009/8349/1.png; https://media.xmlcal.com/pic/p0009/8349/2.png; https://media.xmlcal.com/pic/p0009/8349/3.png; https://media.xmlcal.com/pic/p0009/8349/4.png; https://media.xmlcal.com/pic/p0009/8349/5.png; https://media.xmlcal.com/pic/p0009/8349/6.png; https://media.xmlcal.com/pic/p0009/8349/7.png; https://media.xmlcal.com/pic/p0009/8349/8.png; https://media.xmlcal.com/pic/p0009/8349/9.png; https://media.xmlcal.com/pic/p0009/8349/10.png; https://media.xmlcal.com/pic/p0009/8349/11.png; https://media.xmlcal.com/pic/p0009/8349/12.png; https://media.xmlcal.com/pic/p0009/8349/13.png; https://media.xmlcal.com/pic/p0009/8349/14.png; https://media.xmlcal.com/pic/p0009/8349/15.png; https://media.xmlcal.com/pic/p0009/8349/16.png; https://media.xmlcal.com/pic/p0009/8349/17.png; https://media.xmlcal.com/pic/p0009/8349/18.png; https://media.xmlcal.com/pic/p0009/8349/19.png; https://media.xmlcal.com/pic/p0009/8349/20.png,,YES
98349,Kr. Barona iela 24/26,"Kr. Barona iela 24/26, Rīga",Riga,225172,Studio Apartment nr. 50,20,19,4,35,https://media.xmlcal.com/pic/p0009/8349/1.png; https://media.xmlcal.com/pic/p0009/8349/2.png; https://media.xmlcal.com/pic/p0009/8349/3.png; https://media.xmlcal.com/pic/p0009/8349/4.png; https://media.xmlcal.com/pic/p0009/8349/5.png; https://media.xmlcal.com/pic/p0009/8349/6.png; https://media.xmlcal.com/pic/p0009/8349/7.png; https://media.xmlcal.com/pic/p0009/8349/8.png; https://media.xmlcal.com/pic/p0009/8349/9.png; https://media.xmlcal.com/pic/p0009/8349/10.png; https://media.xmlcal.com/pic/p0009/8349/11.png; https://media.xmlcal.com/pic/p0009/8349/12.png; https://media.xmlcal.com/pic/p0009/8349/13.png; https://media.xmlcal.com/pic/p0009/8349/14.png; https://media.xmlcal.com/pic/p0009/8349/15.png; https://media.xmlcal.com/pic/p0009/8349/16.png; https://media.xmlcal.com/pic/p0009/8349/17.png; https://media.xmlcal.com/pic/p0009/8349/18.png; https://media.xmlcal.com/pic/p0009/8349/19.png; https://media.xmlcal.com/pic/p0009/8349/20.png,,YES
98349,Kr. Barona iela 24/26,"Kr. Barona iela 24/26, Rīga",Riga,416357,One Bedroom Apartment Nr. 87,20,60,4,45,https://media.xmlcal.com/pic/p0009/8349/1.png; https://media.xmlcal.com/pic/p0009/8349/2.png; https://media.xmlcal.com/pic/p0009/8349/3.png; https://media.xmlcal.com/pic/p0009/8349/4.png; https://media.xmlcal.com/pic/p0009/8349/5.png; https://media.xmlcal.com/pic/p0009/8349/6.png; https://media.xmlcal.com/pic/p0009/8349/7.png; https://media.xmlcal.com/pic/p0009/8349/8.png; https://media.xmlcal.com/pic/p0009/8349/9.png; https://media.xmlcal.com/pic/p0009/8349/10.png; https://media.xmlcal.com/pic/p0009/8349/11.png; https://media.xmlcal.com/pic/p0009/8349/12.png; https://media.xmlcal.com/pic/p0009/8349/13.png; https://media.xmlcal.com/pic/p0009/8349/14.png; https://media.xmlcal.com/pic/p0009/8349/15.png; https://media.xmlcal.com/pic/p0009/8349/16.png; https://media.xmlcal.com/pic/p0009/8349/17.png; https://media.xmlcal.com/pic/p0009/8349/18.png; https://media.xmlcal.com/pic/p0009/8349/19.png; https://media.xmlcal.com/pic/p0009/8349/20.png,,YES
98349,Kr. Barona iela 24/26,"Kr. Barona iela 24/26, Rīga",Riga,416358,Studio Apartment Nr. 66,20,45,4,37,https://media.xmlcal.com/pic/p0009/8349/1.png; https://media.xmlcal.com/pic/p0009/8349/2.png; https://media.xmlcal.com/pic/p0009/8349/3.png; https://media.xmlcal.com/pic/p0009/8349/4.png; https://media.xmlcal.com/pic/p0009/8349/5.png; https://media.xmlcal.com/pic/p0009/8349/6.png; https://media.xmlcal.com/pic/p0009/8349/7.png; https://media.xmlcal.com/pic/p0009/8349/8.png; https://media.xmlcal.com/pic/p0009/8349/9.png; https://media.xmlcal.com/pic/p0009/8349/10.png; https://media.xmlcal.com/pic/p0009/8349/11.png; https://media.xmlcal.com/pic/p0009/8349/12.png; https://media.xmlcal.com/pic/p0009/8349/13.png; https://media.xmlcal.com/pic/p0009/8349/14.png; https://media.xmlcal.com/pic/p0009/8349/15.png; https://media.xmlcal.com/pic/p0009/8349/16.png; https://media.xmlcal.com/pic/p0009/8349/17.png; https://media.xmlcal.com/pic/p0009/8349/18.png; https://media.xmlcal.com/pic/p0009/8349/19.png; https://media.xmlcal.com/pic/p0009/8349/20.png,,YES
98349,Kr. Barona iela 24/26,"Kr. Barona iela 24/26, Rīga",Riga,416359,One Bedroom Apartment Nr. 70,20,60,4,45,https://media.xmlcal.com/pic/p0009/8349/1.png; https://media.xmlcal.com/pic/p0009/8349/2.png; https://media.xmlcal.com/pic/p0009/8349/3.png; https://media.xmlcal.com/pic/p0009/8349/4.png; https://media.xmlcal.com/pic/p0009/8349/5.png; https://media.xmlcal.com/pic/p0009/8349/6.png; https://media.xmlcal.com/pic/p0009/8349/7.png; https://media.xmlcal.com/pic/p0009/8349/8.png; https://media.xmlcal.com/pic/p0009/8349/9.png; https://media.xmlcal.com/pic/p0009/8349/10.png; https://media.xmlcal.com/pic/p0009/8349/11.png; https://media.xmlcal.com/pic/p0009/8349/12.png; https://media.xmlcal.com/pic/p0009/8349/13.png; https://media.xmlcal.com/pic/p0009/8349/14.png; https://media.xmlcal.com/pic/p0009/8349/15.png; https://media.xmlcal.com/pic/p0009/8349/16.png; https://media.xmlcal.com/pic/p0009/8349/17.png; https://media.xmlcal.com/pic/p0009/8349/18.png; https://media.xmlcal.com/pic/p0009/8349/19.png; https://media.xmlcal.com/pic/p0009/8349/20.png,,YES
115590,Šķūņu iela 6 - 3,"Šķūņu iela 6, Rīga",Riga,260389,Design King Bed Studio Apartment in Old Town,20,39,2,25,https://media.xmlcal.com/pic/p0011/5590/1.png; https://media.xmlcal.com/pic/p0011/5590/2.png; https://media.xmlcal.com/pic/p0011/5590/3.png; https://media.xmlcal.com/pic/p0011/5590/4.png; https://media.xmlcal.com/pic/p0011/5590/5.png; https://media.xmlcal.com/pic/p0011/5590/6.png; https://media.xmlcal.com/pic/p0011/5590/7.png; https://media.xmlcal.com/pic/p0011/5590/8.png; https://media.xmlcal.com/pic/p0011/5590/9.png; https://media.xmlcal.com/pic/p0011/5590/10.png; https://media.xmlcal.com/pic/p0011/5590/11.png; https://media.xmlcal.com/pic/p0011/5590/12.png; https://media.xmlcal.com/pic/p0011/5590/13.png; https://media.xmlcal.com/pic/p0011/5590/14.png; https://media.xmlcal.com/pic/p0011/5590/15.png; https://media.xmlcal.com/pic/p0011/5590/16.png,,YES
116519,A. Kalniņa iela 1 9E,Alfrēda Kalniņa iela 1,Riga,262357,Modern Design Studio Apartment in Riga Center,20,20,2,19,https://media.xmlcal.com/pic/p0011/6519/1.png; https://media.xmlcal.com/pic/p0011/6519/2.png; https://media.xmlcal.com/pic/p0011/6519/3.png; https://media.xmlcal.com/pic/p0011/6519/4.png; https://media.xmlcal.com/pic/p0011/6519/5.png; https://media.xmlcal.com/pic/p0011/6519/6.png; https://media.xmlcal.com/pic/p0011/6519/7.png; https://media.xmlcal.com/pic/p0011/6519/8.png; https://media.xmlcal.com/pic/p0011/6519/9.png; https://media.xmlcal.com/pic/p0011/6519/10.png; https://media.xmlcal.com/pic/p0011/6519/11.png; https://media.xmlcal.com/pic/p0011/6519/12.png; https://media.xmlcal.com/pic/p0011/6519/13.png; https://media.xmlcal.com/pic/p0011/6519/14.png; https://media.xmlcal.com/pic/p0011/6519/15.png; https://media.xmlcal.com/pic/p0011/6519/16.png,,YES
123606,Kungu iela 25,"Kungu iela 25, Centra rajons, Rīga, LV-1050",Riga,416364,Studio Apartment 52/4,20,45,2,25,https://media.xmlcal.com/pic/p0012/3606/1.png,,YES
123606,Kungu iela 25,"Kungu iela 25, Centra rajons, Rīga, LV-1050",Riga,416365,Studio Apartment 52/1,20,45,2,25,https://media.xmlcal.com/pic/p0012/3606/1.png,,YES
123606,Kungu iela 25,"Kungu iela 25, Centra rajons, Rīga, LV-1050",Riga,416366,One Bedroom 9/3,20,55,4,46,https://media.xmlcal.com/pic/p0012/3606/1.png,,YES
123606,Kungu iela 25,"Kungu iela 25, Centra rajons, Rīga, LV-1050",Riga,416367,Studio Apartment 9/1,20,45,4,36,https://media.xmlcal.com/pic/p0012/3606/1.png,,YES
123606,Kungu iela 25,"Kungu iela 25, Centra rajons, Rīga, LV-1050",Riga,416368,Studio Apartment 9/2,20,45,4,35,https://media.xmlcal.com/pic/p0012/3606/1.png,,YES
135202,Brīvības iela 60,Brīvības iela 60,Rīga,301735,Brīvības iela 60,20,59,6,55,https://media.xmlcal.com/pic/p0013/5202/1.png,,YES
191500,Merķeļa iela 7 - 11,Merķeļa iela 7,Rīga,415949,M7 Design Studio In City Center,20,40,2,,https://media.xmlcal.com/pic/p0019/1500/1.png; https://media.xmlcal.com/pic/p0019/1500/2.png; https://media.xmlcal.com/pic/p0019/1500/3.png; https://media.xmlcal.com/pic/p0019/1500/4.png; https://media.xmlcal.com/pic/p0019/1500/5.png; https://media.xmlcal.com/pic/p0019/1500/6.png; https://media.xmlcal.com/pic/p0019/1500/7.png; https://media.xmlcal.com/pic/p0019/1500/8.png; https://media.xmlcal.com/pic/p0019/1500/9.png; https://media.xmlcal.com/pic/p0019/1500/10.png; https://media.xmlcal.com/pic/p0019/1500/11.png; https://media.xmlcal.com/pic/p0019/1500/12.png; https://media.xmlcal.com/pic/p0019/1500/13.png; https://media.xmlcal.com/pic/p0019/1500/14.png; https://media.xmlcal.com/pic/p0019/1500/15.png; https://media.xmlcal.com/pic/p0019/1500/16.png; https://media.xmlcal.com/pic/p0019/1500/17.png; https://media.xmlcal.com/pic/p0019/1500/18.png; https://media.xmlcal.com/pic/p0019/1500/19.png; https://media.xmlcal.com/pic/p0019/1500/20.png,,YES
191510,Republikas laukums 3 - 221,Republikas laukums 3,Rīga,416247,Riga Riverside Spacious One Bedroom Apartment,20,60,4,65,,,YES
191766,Republikas laukums 3 - 303,Republikas laukums 3,Rīga,415886,Riverside Design Apartment With Underground Private Parking,20,40,4,65,,,YES
191770,Smilšu iela 14 - 13,Smilšu iela 14,Rīga,416237,Old Riga Smilsu street Quiet One Bedroom Apartment,20,50,4,40,,,YES
191847,Valdemāra iela 57/59-33D,Krišjāņa Valdemāra iela 57/59,Rīga,416249,Valdemara Design Studio Apartment in City Center,20,45,2,25,,,YES
191857,A. Kalniņa iela 1 - 2A,Alfrēda Kalniņa iela 1,Rīga,416553,Valentina Design Studio Apartment,20,42,2,,,,YES
191861,A. Kalniņa iela 1 - 6A,Alfrēda Kalniņa iela 1,Rīga,416427,Kalnina Street Modern Studio Apartment in Riga,20,40,2,28,,,YES
193325,Vecpilsētas iela 3k1 - 6,Vecpilsētas iela 3,Rīga,416225,Spacious 2 bedroom Apartment on Vecpilsetas street,20,45,7,128,,,YES
193334,Lastādijas iela 48A - 5,Lastādijas iela 48a,Rīga,416243,One Bedroom Promenade Apartment,20,50,4,45,,,YES
193423,Kalēju iela 57 - 5,"Kalēju iela 57, Centra rajons, Rīga, LV-1050",Rīga,416465,Kaleju iela 57-5,20,50,4,40,https://media.xmlcal.com/pic/p0019/3423/1.png; https://media.xmlcal.com/pic/p0019/3423/2.png; https://media.xmlcal.com/pic/p0019/3423/3.png; https://media.xmlcal.com/pic/p0019/3423/4.png; https://media.xmlcal.com/pic/p0019/3423/5.png; https://media.xmlcal.com/pic/p0019/3423/6.png; https://media.xmlcal.com/pic/p0019/3423/7.png; https://media.xmlcal.com/pic/p0019/3423/8.png; https://media.xmlcal.com/pic/p0019/3423/9.png; https://media.xmlcal.com/pic/p0019/3423/10.png; https://media.xmlcal.com/pic/p0019/3423/11.png; https://media.xmlcal.com/pic/p0019/3423/12.png; https://media.xmlcal.com/pic/p0019/3423/13.png; https://media.xmlcal.com/pic/p0019/3423/14.png; https://media.xmlcal.com/pic/p0019/3423/15.png; https://media.xmlcal.com/pic/p0019/3423/16.png; https://media.xmlcal.com/pic/p0019/3423/17.png; https://media.xmlcal.com/pic/p0019/3423/18.png; https://media.xmlcal.com/pic/p0019/3423/19.png; https://media.xmlcal.com/pic/p0019/3423/20.png,,YES
195518,Marijas iela 14A-8,Marijas iela 14A,Rīga,420486,Maria Studio in Riga centre,20,50,2,22,https://media.xmlcal.com/pic/p0019/5518/1.png; https://media.xmlcal.com/pic/p0019/5518/2.png; https://media.xmlcal.com/pic/p0019/5518/3.png; https://media.xmlcal.com/pic/p0019/5518/4.png; https://media.xmlcal.com/pic/p0019/5518/5.png; https://media.xmlcal.com/pic/p0019/5518/6.png; https://media.xmlcal.com/pic/p0019/5518/7.png; https://media.xmlcal.com/pic/p0019/5518/8.png; https://media.xmlcal.com/pic/p0019/5518/9.png; https://media.xmlcal.com/pic/p0019/5518/10.png; https://media.xmlcal.com/pic/p0019/5518/11.png; https://media.xmlcal.com/pic/p0019/5518/12.png; https://media.xmlcal.com/pic/p0019/5518/13.png; https://media.xmlcal.com/pic/p0019/5518/14.png; https://media.xmlcal.com/pic/p0019/5518/15.png; https://media.xmlcal.com/pic/p0019/5518/16.png; https://media.xmlcal.com/pic/p0019/5518/17.png; https://media.xmlcal.com/pic/p0019/5518/18.png; https://media.xmlcal.com/pic/p0019/5518/19.png; https://media.xmlcal.com/pic/p0019/5518/20.png,,YES
201485,A. Kalniņa iela 1 - 28,Alfrēda Kalniņa iela 1,Rīga,430912,Design Kalnina studio I Fast Wi-fi I Near Park,20,65,2,18,,,YES
204017,Republikas laukums 3-435,Republikas laukums 3,Rīga,435507,Central House Riverside Studio Apartment,20,75,3,65,https://media.xmlcal.com/pic/p0020/4017/1.png; https://media.xmlcal.com/pic/p0020/4017/2.png; https://media.xmlcal.com/pic/p0020/4017/3.png; https://media.xmlcal.com/pic/p0020/4017/4.png; https://media.xmlcal.com/pic/p0020/4017/5.png; https://media.xmlcal.com/pic/p0020/4017/6.png; https://media.xmlcal.com/pic/p0020/4017/7.png; https://media.xmlcal.com/pic/p0020/4017/8.png; https://media.xmlcal.com/pic/p0020/4017/9.png; https://media.xmlcal.com/pic/p0020/4017/10.png; https://media.xmlcal.com/pic/p0020/4017/11.png; https://media.xmlcal.com/pic/p0020/4017/12.png; https://media.xmlcal.com/pic/p0020/4017/13.png; https://media.xmlcal.com/pic/p0020/4017/14.png; https://media.xmlcal.com/pic/p0020/4017/15.png; https://media.xmlcal.com/pic/p0020/4017/16.png; https://media.xmlcal.com/pic/p0020/4017/17.png; https://media.xmlcal.com/pic/p0020/4017/18.png; https://media.xmlcal.com/pic/p0020/4017/19.png,,YES
207212,Kaleju iela 57-7,Kalēju iela 57,Rīga,442020,Old Riga Kaleju Cozy apartment,20,60,4,38,,,YES
214753,A. Kalnina iela 1-57,Alfrēda Kalniņa iela 1,Rīga,456800,Kalnina Design Studio in Centre,25,30,2,19,,,YES
217748,Raiņa Bulvāris 27 - 27,Raiņa bulvāris 27,Rīga,462948,Raina Boulevard Exclusive Design Apartment At Park,25,40,4,45,,,YES
218050,Raiņa Bulvāris 27 - 11,Raiņa bulvāris 27,Rīga,463425,Raina Boulevard Exclusive Studio Design Studio,20,45,2,23,https://media.xmlcal.com/pic/p0021/8050/1.png; https://media.xmlcal.com/pic/p0021/8050/2.png; https://media.xmlcal.com/pic/p0021/8050/3.png,,YES
233541,Tallinas iela 1-14,"Tallinas iela 1, Centra rajons, Rīga, LV-1001",Rīga,494331,One bedroom Sunny Tallinn Street Apartment With Parking,20,60,4,58,https://media.xmlcal.com/pic/p0023/3541/1.png; https://media.xmlcal.com/pic/p0023/3541/2.png; https://media.xmlcal.com/pic/p0023/3541/3.png; https://media.xmlcal.com/pic/p0023/3541/4.png; https://media.xmlcal.com/pic/p0023/3541/5.png; https://media.xmlcal.com/pic/p0023/3541/6.png; https://media.xmlcal.com/pic/p0023/3541/7.png; https://media.xmlcal.com/pic/p0023/3541/8.png; https://media.xmlcal.com/pic/p0023/3541/9.png; https://media.xmlcal.com/pic/p0023/3541/10.png,,YES
234522,A. Kalniņa iela 1-8A,Alfrēda Kalniņa iela 1,Rīga,496217,Park Studio DeLuxe Apartment,20,70,2,27,,,YES
237404,A. Kalnina iela 1-66,Alfrēda Kalniņa iela 1,Rīga,501538,Kalnina Park Residence Studio,20,65,2,20,,,YES
248545,Marijas iela 4-24,Marijas iela 4,Rīga,523361,City Retreat Design Apartment,30,80,4,38,,,YES
262756,Raiņa Bulvāris 27-29,Raiņa bulvāris 27,Rīga,551185,Designer Parkside Apartment I Fast wi-fi,30,80,4,51,https://media.xmlcal.com/pic/p0026/2756/1.png; https://media.xmlcal.com/pic/p0026/2756/2.png; https://media.xmlcal.com/pic/p0026/2756/3.png; https://media.xmlcal.com/pic/p0026/2756/4.png; https://media.xmlcal.com/pic/p0026/2756/5.png; https://media.xmlcal.com/pic/p0026/2756/6.png; https://media.xmlcal.com/pic/p0026/2756/7.png,,YES
274853,Matīsa iela 65A - 29,Matīsa iela 65A,Riga,574677,Park Residence I Quiet Center I Fast Wi-fi I Queen Bed,25,55,4,54,,,YES
282803,Kr. Barona iela 24/26 - 48,"Kr. Barona iela 24/26, Rīga",Riga,590693,Studio Apartment With Balcony I Guest Favourite I,30,80,2,24,,,YES
286114,Kr. Barona iela 69 - 33,Krišjāņa Barona iela 69,Riga,596703,Luxury Design Loft Escape In Riga,40,200,4,42,,,YES
286878,Kr. Barona iela 24/26 - 25,Krišjāņa Barona iela 24/26,Rīga,599984,Perfect Location! Modern Lux Studio Near Park,35,85,2,22,,,YES
286997,RixStay Apartments,Spāres iela 3,Rīga,600231,316 Shower,25,80,3,29,https://media.xmlcal.com/pic/p0028/6997/1.png; https://media.xmlcal.com/pic/p0028/6997/2.png; https://media.xmlcal.com/pic/p0028/6997/3.png; https://media.xmlcal.com/pic/p0028/6997/4.png; https://media.xmlcal.com/pic/p0028/6997/5.png; https://media.xmlcal.com/pic/p0028/6997/6.png; https://media.xmlcal.com/pic/p0028/6997/7.png; https://media.xmlcal.com/pic/p0028/6997/8.png; https://media.xmlcal.com/pic/p0028/6997/9.png; https://media.xmlcal.com/pic/p0028/6997/10.png; https://media.xmlcal.com/pic/p0028/6997/11.png; https://media.xmlcal.com/pic/p0028/6997/12.png; https://media.xmlcal.com/pic/p0028/6997/13.png; https://media.xmlcal.com/pic/p0028/6997/14.png; https://media.xmlcal.com/pic/p0028/6997/15.png,,YES
286997,RixStay Apartments,Spāres iela 3,Rīga,600242,315 Bath,25,120,3,25,https://media.xmlcal.com/pic/p0028/6997/1.png; https://media.xmlcal.com/pic/p0028/6997/2.png; https://media.xmlcal.com/pic/p0028/6997/3.png; https://media.xmlcal.com/pic/p0028/6997/4.png; https://media.xmlcal.com/pic/p0028/6997/5.png; https://media.xmlcal.com/pic/p0028/6997/6.png; https://media.xmlcal.com/pic/p0028/6997/7.png; https://media.xmlcal.com/pic/p0028/6997/8.png; https://media.xmlcal.com/pic/p0028/6997/9.png; https://media.xmlcal.com/pic/p0028/6997/10.png; https://media.xmlcal.com/pic/p0028/6997/11.png; https://media.xmlcal.com/pic/p0028/6997/12.png; https://media.xmlcal.com/pic/p0028/6997/13.png; https://media.xmlcal.com/pic/p0028/6997/14.png; https://media.xmlcal.com/pic/p0028/6997/15.png,,YES
286997,RixStay Apartments,Spāres iela 3,Rīga,600257,211 Kitchen,25,120,2,22,https://media.xmlcal.com/pic/p0028/6997/1.png; https://media.xmlcal.com/pic/p0028/6997/2.png; https://media.xmlcal.com/pic/p0028/6997/3.png; https://media.xmlcal.com/pic/p0028/6997/4.png; https://media.xmlcal.com/pic/p0028/6997/5.png; https://media.xmlcal.com/pic/p0028/6997/6.png; https://media.xmlcal.com/pic/p0028/6997/7.png; https://media.xmlcal.com/pic/p0028/6997/8.png; https://media.xmlcal.com/pic/p0028/6997/9.png; https://media.xmlcal.com/pic/p0028/6997/10.png; https://media.xmlcal.com/pic/p0028/6997/11.png; https://media.xmlcal.com/pic/p0028/6997/12.png; https://media.xmlcal.com/pic/p0028/6997/13.png; https://media.xmlcal.com/pic/p0028/6997/14.png; https://media.xmlcal.com/pic/p0028/6997/15.png,,YES
286997,RixStay Apartments,Spāres iela 3,Rīga,600273,314 - Bath,25,150,3,25,https://media.xmlcal.com/pic/p0028/6997/1.png; https://media.xmlcal.com/pic/p0028/6997/2.png; https://media.xmlcal.com/pic/p0028/6997/3.png; https://media.xmlcal.com/pic/p0028/6997/4.png; https://media.xmlcal.com/pic/p0028/6997/5.png; https://media.xmlcal.com/pic/p0028/6997/6.png; https://media.xmlcal.com/pic/p0028/6997/7.png; https://media.xmlcal.com/pic/p0028/6997/8.png; https://media.xmlcal.com/pic/p0028/6997/9.png; https://media.xmlcal.com/pic/p0028/6997/10.png; https://media.xmlcal.com/pic/p0028/6997/11.png; https://media.xmlcal.com/pic/p0028/6997/12.png; https://media.xmlcal.com/pic/p0028/6997/13.png; https://media.xmlcal.com/pic/p0028/6997/14.png; https://media.xmlcal.com/pic/p0028/6997/15.png,,YES
286997,RixStay Apartments,Spāres iela 3,Rīga,600286,313 - Shower,25,175,3,30,https://media.xmlcal.com/pic/p0028/6997/1.png; https://media.xmlcal.com/pic/p0028/6997/2.png; https://media.xmlcal.com/pic/p0028/6997/3.png; https://media.xmlcal.com/pic/p0028/6997/4.png; https://media.xmlcal.com/pic/p0028/6997/5.png; https://media.xmlcal.com/pic/p0028/6997/6.png; https://media.xmlcal.com/pic/p0028/6997/7.png; https://media.xmlcal.com/pic/p0028/6997/8.png; https://media.xmlcal.com/pic/p0028/6997/9.png; https://media.xmlcal.com/pic/p0028/6997/10.png; https://media.xmlcal.com/pic/p0028/6997/11.png; https://media.xmlcal.com/pic/p0028/6997/12.png; https://media.xmlcal.com/pic/p0028/6997/13.png; https://media.xmlcal.com/pic/p0028/6997/14.png; https://media.xmlcal.com/pic/p0028/6997/15.png,,YES
286997,RixStay Apartments,Spāres iela 3,Rīga,600313,210,25,100,2,15,https://media.xmlcal.com/pic/p0028/6997/1.png; https://media.xmlcal.com/pic/p0028/6997/2.png; https://media.xmlcal.com/pic/p0028/6997/3.png; https://media.xmlcal.com/pic/p0028/6997/4.png; https://media.xmlcal.com/pic/p0028/6997/5.png; https://media.xmlcal.com/pic/p0028/6997/6.png; https://media.xmlcal.com/pic/p0028/6997/7.png; https://media.xmlcal.com/pic/p0028/6997/8.png; https://media.xmlcal.com/pic/p0028/6997/9.png; https://media.xmlcal.com/pic/p0028/6997/10.png; https://media.xmlcal.com/pic/p0028/6997/11.png; https://media.xmlcal.com/pic/p0028/6997/12.png; https://media.xmlcal.com/pic/p0028/6997/13.png; https://media.xmlcal.com/pic/p0028/6997/14.png; https://media.xmlcal.com/pic/p0028/6997/15.png,,YES
286997,RixStay Apartments,Spāres iela 3,Rīga,600374,212,25,80,2,15,https://media.xmlcal.com/pic/p0028/6997/1.png; https://media.xmlcal.com/pic/p0028/6997/2.png; https://media.xmlcal.com/pic/p0028/6997/3.png; https://media.xmlcal.com/pic/p0028/6997/4.png; https://media.xmlcal.com/pic/p0028/6997/5.png; https://media.xmlcal.com/pic/p0028/6997/6.png; https://media.xmlcal.com/pic/p0028/6997/7.png; https://media.xmlcal.com/pic/p0028/6997/8.png; https://media.xmlcal.com/pic/p0028/6997/9.png; https://media.xmlcal.com/pic/p0028/6997/10.png; https://media.xmlcal.com/pic/p0028/6997/11.png; https://media.xmlcal.com/pic/p0028/6997/12.png; https://media.xmlcal.com/pic/p0028/6997/13.png; https://media.xmlcal.com/pic/p0028/6997/14.png; https://media.xmlcal.com/pic/p0028/6997/15.png,,YES
286997,RixStay Apartments,Spāres iela 3,Rīga,600377,209,25,70,2,15,https://media.xmlcal.com/pic/p0028/6997/1.png; https://media.xmlcal.com/pic/p0028/6997/2.png; https://media.xmlcal.com/pic/p0028/6997/3.png; https://media.xmlcal.com/pic/p0028/6997/4.png; https://media.xmlcal.com/pic/p0028/6997/5.png; https://media.xmlcal.com/pic/p0028/6997/6.png; https://media.xmlcal.com/pic/p0028/6997/7.png; https://media.xmlcal.com/pic/p0028/6997/8.png; https://media.xmlcal.com/pic/p0028/6997/9.png; https://media.xmlcal.com/pic/p0028/6997/10.png; https://media.xmlcal.com/pic/p0028/6997/11.png; https://media.xmlcal.com/pic/p0028/6997/12.png; https://media.xmlcal.com/pic/p0028/6997/13.png; https://media.xmlcal.com/pic/p0028/6997/14.png; https://media.xmlcal.com/pic/p0028/6997/15.png,,YES
286997,RixStay Apartments,Spāres iela 3,Rīga,600412,208 L,25,80,2,17,https://media.xmlcal.com/pic/p0028/6997/1.png; https://media.xmlcal.com/pic/p0028/6997/2.png; https://media.xmlcal.com/pic/p0028/6997/3.png; https://media.xmlcal.com/pic/p0028/6997/4.png; https://media.xmlcal.com/pic/p0028/6997/5.png; https://media.xmlcal.com/pic/p0028/6997/6.png; https://media.xmlcal.com/pic/p0028/6997/7.png; https://media.xmlcal.com/pic/p0028/6997/8.png; https://media.xmlcal.com/pic/p0028/6997/9.png; https://media.xmlcal.com/pic/p0028/6997/10.png; https://media.xmlcal.com/pic/p0028/6997/11.png; https://media.xmlcal.com/pic/p0028/6997/12.png; https://media.xmlcal.com/pic/p0028/6997/13.png; https://media.xmlcal.com/pic/p0028/6997/14.png; https://media.xmlcal.com/pic/p0028/6997/15.png,,YES
286997,RixStay Apartments,Spāres iela 3,Rīga,600416,207,25,80,2,15,https://media.xmlcal.com/pic/p0028/6997/1.png; https://media.xmlcal.com/pic/p0028/6997/2.png; https://media.xmlcal.com/pic/p0028/6997/3.png; https://media.xmlcal.com/pic/p0028/6997/4.png; https://media.xmlcal.com/pic/p0028/6997/5.png; https://media.xmlcal.com/pic/p0028/6997/6.png; https://media.xmlcal.com/pic/p0028/6997/7.png; https://media.xmlcal.com/pic/p0028/6997/8.png; https://media.xmlcal.com/pic/p0028/6997/9.png; https://media.xmlcal.com/pic/p0028/6997/10.png; https://media.xmlcal.com/pic/p0028/6997/11.png; https://media.xmlcal.com/pic/p0028/6997/12.png; https://media.xmlcal.com/pic/p0028/6997/13.png; https://media.xmlcal.com/pic/p0028/6997/14.png; https://media.xmlcal.com/pic/p0028/6997/15.png,,YES
286997,RixStay Apartments,Spāres iela 3,Rīga,600425,106,25,90,2,15,https://media.xmlcal.com/pic/p0028/6997/1.png; https://media.xmlcal.com/pic/p0028/6997/2.png; https://media.xmlcal.com/pic/p0028/6997/3.png; https://media.xmlcal.com/pic/p0028/6997/4.png; https://media.xmlcal.com/pic/p0028/6997/5.png; https://media.xmlcal.com/pic/p0028/6997/6.png; https://media.xmlcal.com/pic/p0028/6997/7.png; https://media.xmlcal.com/pic/p0028/6997/8.png; https://media.xmlcal.com/pic/p0028/6997/9.png; https://media.xmlcal.com/pic/p0028/6997/10.png; https://media.xmlcal.com/pic/p0028/6997/11.png; https://media.xmlcal.com/pic/p0028/6997/12.png; https://media.xmlcal.com/pic/p0028/6997/13.png; https://media.xmlcal.com/pic/p0028/6997/14.png; https://media.xmlcal.com/pic/p0028/6997/15.png,,YES
286997,RixStay Apartments,Spāres iela 3,Rīga,600429,105 L,25,90,2,,https://media.xmlcal.com/pic/p0028/6997/1.png; https://media.xmlcal.com/pic/p0028/6997/2.png; https://media.xmlcal.com/pic/p0028/6997/3.png; https://media.xmlcal.com/pic/p0028/6997/4.png; https://media.xmlcal.com/pic/p0028/6997/5.png; https://media.xmlcal.com/pic/p0028/6997/6.png; https://media.xmlcal.com/pic/p0028/6997/7.png; https://media.xmlcal.com/pic/p0028/6997/8.png; https://media.xmlcal.com/pic/p0028/6997/9.png; https://media.xmlcal.com/pic/p0028/6997/10.png; https://media.xmlcal.com/pic/p0028/6997/11.png; https://media.xmlcal.com/pic/p0028/6997/12.png; https://media.xmlcal.com/pic/p0028/6997/13.png; https://media.xmlcal.com/pic/p0028/6997/14.png; https://media.xmlcal.com/pic/p0028/6997/15.png,,YES
286997,RixStay Apartments,Spāres iela 3,Rīga,600431,104,25,90,2,15,https://media.xmlcal.com/pic/p0028/6997/1.png; https://media.xmlcal.com/pic/p0028/6997/2.png; https://media.xmlcal.com/pic/p0028/6997/3.png; https://media.xmlcal.com/pic/p0028/6997/4.png; https://media.xmlcal.com/pic/p0028/6997/5.png; https://media.xmlcal.com/pic/p0028/6997/6.png; https://media.xmlcal.com/pic/p0028/6997/7.png; https://media.xmlcal.com/pic/p0028/6997/8.png; https://media.xmlcal.com/pic/p0028/6997/9.png; https://media.xmlcal.com/pic/p0028/6997/10.png; https://media.xmlcal.com/pic/p0028/6997/11.png; https://media.xmlcal.com/pic/p0028/6997/12.png; https://media.xmlcal.com/pic/p0028/6997/13.png; https://media.xmlcal.com/pic/p0028/6997/14.png; https://media.xmlcal.com/pic/p0028/6997/15.png,,YES
286997,RixStay Apartments,Spāres iela 3,Rīga,600433,103,25,90,2,15,https://media.xmlcal.com/pic/p0028/6997/1.png; https://media.xmlcal.com/pic/p0028/6997/2.png; https://media.xmlcal.com/pic/p0028/6997/3.png; https://media.xmlcal.com/pic/p0028/6997/4.png; https://media.xmlcal.com/pic/p0028/6997/5.png; https://media.xmlcal.com/pic/p0028/6997/6.png; https://media.xmlcal.com/pic/p0028/6997/7.png; https://media.xmlcal.com/pic/p0028/6997/8.png; https://media.xmlcal.com/pic/p0028/6997/9.png; https://media.xmlcal.com/pic/p0028/6997/10.png; https://media.xmlcal.com/pic/p0028/6997/11.png; https://media.xmlcal.com/pic/p0028/6997/12.png; https://media.xmlcal.com/pic/p0028/6997/13.png; https://media.xmlcal.com/pic/p0028/6997/14.png; https://media.xmlcal.com/pic/p0028/6997/15.png,,YES
286997,RixStay Apartments,Spāres iela 3,Rīga,600435,102 L,25,90,2,15,https://media.xmlcal.com/pic/p0028/6997/1.png; https://media.xmlcal.com/pic/p0028/6997/2.png; https://media.xmlcal.com/pic/p0028/6997/3.png; https://media.xmlcal.com/pic/p0028/6997/4.png; https://media.xmlcal.com/pic/p0028/6997/5.png; https://media.xmlcal.com/pic/p0028/6997/6.png; https://media.xmlcal.com/pic/p0028/6997/7.png; https://media.xmlcal.com/pic/p0028/6997/8.png; https://media.xmlcal.com/pic/p0028/6997/9.png; https://media.xmlcal.com/pic/p0028/6997/10.png; https://media.xmlcal.com/pic/p0028/6997/11.png; https://media.xmlcal.com/pic/p0028/6997/12.png; https://media.xmlcal.com/pic/p0028/6997/13.png; https://media.xmlcal.com/pic/p0028/6997/14.png; https://media.xmlcal.com/pic/p0028/6997/15.png,,YES
286997,RixStay Apartments,Spāres iela 3,Rīga,600460,Private And Peaceful Studio Stay,25,90,2,,https://media.xmlcal.com/pic/p0028/6997/1.png; https://media.xmlcal.com/pic/p0028/6997/2.png; https://media.xmlcal.com/pic/p0028/6997/3.png; https://media.xmlcal.com/pic/p0028/6997/4.png; https://media.xmlcal.com/pic/p0028/6997/5.png; https://media.xmlcal.com/pic/p0028/6997/6.png; https://media.xmlcal.com/pic/p0028/6997/7.png; https://media.xmlcal.com/pic/p0028/6997/8.png; https://media.xmlcal.com/pic/p0028/6997/9.png; https://media.xmlcal.com/pic/p0028/6997/10.png; https://media.xmlcal.com/pic/p0028/6997/11.png; https://media.xmlcal.com/pic/p0028/6997/12.png; https://media.xmlcal.com/pic/p0028/6997/13.png; https://media.xmlcal.com/pic/p0028/6997/14.png; https://media.xmlcal.com/pic/p0028/6997/15.png,,YES
290241,Marijas iela 14 - 28,Marijas iela 14,Riga,607012,Stylish Studio Gateway I Queen Bed & Relaxing,0,90,2,,,,YES
292204,E. B. Upīša iela 20A - 17A,Ernesta Birznieka-Upīša iela 20a,Riga,610681,Design Studio Riga | Double Bed & Quiet Yard View,25,90,2,22,,,YES
294006,Gustava Zemgala Gatve 80,Gustava Zemgala gatve 80,Riga,614849,Balcony Bliss | Brand New 1BR | Sleek & Comfy,35,100,4,63,,,YES
303689,Marijas iela 14-3,Marijas iela 14,Riga,632944,Urban Chic Studio I New & Modern I Design Bed,25,65,2,18,,,YES
305893,Ģenerāļa Radziņa krastmala 17,Ģenerāļa Radziņa krastmala 17,Riga,637377,Panoramic River ViewISpacious Modern 2BR Apartment,35,120,7,85,,,YES
323663,Lāčplēša iela 13-46,Lāčplēša iela 13,Riga,672382,Apartment with a good mood in Riga Centre,30,70,2,18,,,YES
334730,Blaumaņa iela 9-42,Blaumaņa iela 9,Riga,692952,Martina Cozy Blaumana Apartment,35,70,4,43,,,YES
335368,A. Kalniņa iela 1-44,Alfrēda Kalniņa iela 1,Riga,693943,Kalnina Residence / Walk to Old Town,30,75,2,,,,YES
340239,Avotu iela 7,Avotu iela 7,Riga,703324,A7 Harmony Apartment I 2BR in City Centre,0,120,6,,,,YES
